Airport,Runway
1. Upington (UTN),16076 (4901 m)
2. Denver (DEN),16000 (4878 m)
3. Harare (HRE),15500 (4726 m)
4. Kinshasa (FIH),15420 (4701 m)
5. Doha (DOH),15000 (4573 m)
6. Windhoek (WDH),14869 (4533 m)
7. Almaty (ALA),14764 (4501 m)
8. New York (JFK),14572 (4443 m)
9. Johannesburg (JNB),14495 (4419 m)
10. Shiraz (SYZ),14220 (4335 m)
11. Mandalay (MDL),14003 (4269 m)
12. Zahedan (ZAH),13993 (4266 m)
13. Hyderabad (HYD),13976 (4261 m)
14. Paris (CDG),13829 (4216 m)
15. Riyadh (RUH),13796 (4206 m)
16. Bishkek (FRU),13780 (4201 m)
17. Kuala Lumpur (KUL),13530 (4125 m)
18. Nairobi (NBO),13507 (4118 m)
19. Amarillo (AMA),13502 (4116 m)
20. Colorado Springs (COS),13501 (4116 m)
21. Abu Dhabi (AUH),13452 (4101 m)
22. Madrid (MAD),13451 (4101 m)
23. Yazd (AZD),13446 (4099 m)
24. Dallas (DFW),13401 (4086 m)
25. Albuquerque (ABQ),13375 (4078 m)
26. Tel Aviv (TLV),13327 (4063 m)
27. Yuma (YUM),13300 (4055 m)
28. Tehran (THR),13248 (4039 m)
29. Singapore (SIN),13200 (4024 m)
30. Jeddah (JED),13124 (4001 m)
31. Lyon (LYS),13124 (4001 m)
32. Basra (BSR),13124 (4001 m)
33. Khabarovsk (KHV),13124 (4001 m)
34. Dammam (DMM),13124 (4001 m)
35. Frankfurt (FRA),13123 (4001 m)
36. Shanghai (PVG),13123 (4001 m)
37. Cairo (CAI),13123 (4001 m)
38. Baghdad (SDA),13123 (4001 m)
39. Athens (ATH),13123 (4001 m)
40. Tokyo (NRT),13123 (4001 m)
41. Havana (HAV),13123 (4001 m)
42. Dubai (DXB),13123 (4001 m)
43. Pyongyang (FNJ),13123 (4001 m)
44. Rio de Janeiro (GIG),13123 (4001 m)
45. La Paz (LPB),13123 (4001 m)
46. Luxembourg (LUX),13123 (4001 m)
47. Lhasa (LXA),13123 (4001 m)
48. Guadalajara (GDL),13123 (4001 m)
49. Gaborone (GBE),13123 (4001 m)
50. Bangalore (BLR),13123 (4001 m)
51. Donetsk (DOK),13123 (4001 m)
52. Al Ain (AAN),13123 (4001 m)
53. Tashkent (TAS),13123 (4001 m)
54. Munich (MUC),13100 (3994 m)
55. Manama (BAH),13005 (3965 m)
56. Chicago (ORD),13000 (3963 m)
57. Sydney (SYD),13000 (3963 m)
58. Miami (MIA),13000 (3963 m)
59. Lusaka (LUN),12998 (3963 m)
60. Mashad (MHD),12877 (3926 m)
61. Milan (MXP),12844 (3916 m)
62. London (LHR),12802 (3903 m)
63. Rome (FCO),12795 (3901 m)
64. Geneva (GVA),12795 (3901 m)
65. Lagos (LOS),12794 (3901 m)
66. Calgary (YYC),12675 (3864 m)
67. Las Vegas (LAS),12636 (3852 m)
68. Yerevan (EVN),12631 (3851 m)
69. Mexico City (MEX),12619 (3847 m)
70. Huntsville (HSV),12600 (3841 m)
71. Cologne (CGN),12516 (3816 m)
72. New Delhi (DEL),12500 (3811 m)
73. Langkawi (LGK),12500 (3811 m)
74. Lisbon (LIS),12484 (3806 m)
75. Ho Chi Minh City (SGN),12468 (3801 m)
76. Amsterdam (AMS),12467 (3801 m)
77. Hong Kong (HKG),12467 (3801 m)
78. Beirut (BEY),12467 (3801 m)
79. Bogota (BOG),12467 (3801 m)
80. Beijing (PEK),12467 (3801 m)
81. Guangzhou (CAN),12467 (3801 m)
82. Ashgabat (ASB),12467 (3801 m)
83. Shenzhen (SZX),12467 (3801 m)
84. Santiago (SCL),12467 (3801 m)
85. Hanover (HAJ),12467 (3801 m)
86. Xining (XNN),12467 (3801 m)
87. Khamis Mushait (KMX),12467 (3801 m)
88. Xian (XIY),12467 (3801 m)
89. Moscow (DME),12448 (3795 m)
90. Kuching (KCH),12402 (3781 m)
91. Kota Kinabalu (BKI),12402 (3781 m)
92. Singapore (QPG),12401 (3781 m)
93. Marquette (MQT),12370 (3771 m)
94. Honolulu (HNL),12360 (3768 m)
95. Ras Al Khaimah (RKT),12336 (3761 m)
96. Seoul (ICN),12303 (3751 m)
97. Ankara (ESB),12303 (3751 m)
98. Taif (TIF),12254 (3736 m)
99. Austin (AUS),12248 (3734 m)
100. Bechar (CBH),12245 (3733 m)
101. Kazan (KZN),12218 (3725 m)
102. Casablanca (CMN),12205 (3721 m)
103. Hail (HAS),12204 (3721 m)
104. Zaragoza (ZAZ),12200 (3720 m)
105. Ontario (ONT),12197 (3719 m)
106. Luanda (LAD),12190 (3716 m)
107. Prague (PRG),12188 (3716 m)
108. Budapest (BUD),12162 (3708 m)
109. Sao Paulo (GRU),12140 (3701 m)
110. Bangkok (BKK),12139 (3701 m)
111. Addis Ababa (ADD),12139 (3701 m)
112. Zurich (ZRH),12139 (3701 m)
113. Durban (DUR),12139 (3701 m)
114. Moscow (SVO),12139 (3701 m)
115. Warsaw (WAW),12106 (3691 m)
116. Cadiz (CDZ),12106 (3691 m)
117. Los Angeles (LAX),12091 (3686 m)
118. Hamburg (HAM),12028 (3667 m)
119. El Paso (ELP),12020 (3665 m)
120. Taipei (TPE),12008 (3661 m)
121. Jakarta (CGK),12008 (3661 m)
122. Maputo (MPM),12008 (3661 m)
123. Kufrah (AKF),12008 (3661 m)
124. Orlando (MCO),12004 (3660 m)
125. Detroit (DTW),12003 (3659 m)
126. Salt Lake City (SLC),12003 (3659 m)
127. Birmingham (BHM),12002 (3659 m)
128. Houston (IAH),12001 (3659 m)
129. Chennai (MAA),12001 (3659 m)
130. Bandar Seri Begawan (BWN),12000 (3659 m)
131. Quetta (UET),12000 (3659 m)
132. Kampala (EBB),12000 (3659 m)
133. Montreal (YMX),12000 (3659 m)
134. Covington (CVG),12000 (3659 m)
135. Melbourne (MEL),11998 (3658 m)
136. Tabriz (TBZ),11995 (3657 m)
137. Paris (ORY),11975 (3651 m)
138. Sharurah (SHW),11975 (3651 m)
139. Minsk (MSQ),11946 (3642 m)
140. Brussels (BRU),11936 (3639 m)
141. Seattle (SEA),11900 (3628 m)
142. Kolkata (CCU),11900 (3628 m)
143. Atlanta (ATL),11889 (3625 m)
144. San Francisco (SFO),11870 (3619 m)
145. Kamishli (KAC),11860 (3616 m)
146. Newburgh (SWF),11817 (3603 m)
147. Jinan (TNA),11814 (3602 m)
148. Damascus (DAM),11811 (3601 m)
149. Tripoli (TIP),11811 (3601 m)
150. Copenhagen (CPH),11811 (3601 m)
151. Oslo (OSL),11811 (3601 m)
152. Vienna (VIE),11811 (3601 m)
153. Sofia (SOF),11811 (3601 m)
154. Chengdu (CTU),11811 (3601 m)
155. Leipzig (LEJ),11811 (3601 m)
156. Urumqi (URC),11811 (3601 m)
157. Ghadames (LTD),11811 (3601 m)
158. Ghat (GHT),11811 (3601 m)
159. Bujumbura (BJM),11811 (3601 m)
160. Banjul (BJL),11811 (3601 m)
161. Misurata (MRA),11811 (3601 m)
162. Ahmedabad (AMD),11811 (3601 m)
163. Haikou (HAK),11811 (3601 m)
164. Hohhot (HET),11811 (3601 m)
165. Hangzhou (HGH),11811 (3601 m)
166. Chongqing (CKG),11811 (3601 m)
167. Nanking (NKG),11811 (3601 m)
168. Abuja (ABV),11808 (3600 m)
169. Novosibirsk (OVB),11808 (3600 m)
170. Panama City (PTY),11800 (3598 m)
171. Tamanrasset (TMR),11800 (3598 m)
172. Fairbanks (FAI),11800 (3598 m)
173. Chisinau (KIV),11779 (3591 m)
174. Sebha (SEB),11778 (3591 m)
175. Muscat (MCT),11758 (3585 m)
176. Benghazi (BEN),11732 (3577 m)
177. Brisbane (BNE),11680 (3561 m)
178. Rio Gallegos (RGL),11639 (3548 m)
179. Malta (MLA),11627 (3545 m)
180. Lilongwe (LLW),11614 (3541 m)
181. Lima (LIM),11506 (3508 m)
182. Washington (IAD),11501 (3506 m)
183. Vancouver (YVR),11500 (3506 m)
184. Pittsburgh (PIT),11500 (3506 m)
185. Lubbock (LBB),11500 (3506 m)
186. Phoenix (PHX),11489 (3503 m)
187. Bucharest (OTP),11484 (3501 m)
188. Astana (TSE),11484 (3501 m)
189. Kuwait (KWI),11483 (3501 m)
190. Kiev (KBP),11483 (3501 m)
191. Algiers (ALG),11483 (3501 m)
192. Rabat (RBA),11483 (3501 m)
193. Kabul (KBL),11483 (3501 m)
194. Vladivostok (VVO),11483 (3501 m)
195. Caracas (CCS),11483 (3501 m)
196. Cancun (CUN),11483 (3501 m)
197. Santa Cruz (VVI),11483 (3501 m)
198. Marseille (MRS),11483 (3501 m)
199. Da Nang (DAD),11483 (3501 m)
200. Walvis Bay (WVB),11483 (3501 m)
201. Mariscal Estigarribia (ESG),11483 (3501 m)
202. Pointe-a-Pitre (PTP),11483 (3501 m)
203. Timisoara (TSR),11483 (3501 m)
204. Kigali (KGL),11482 (3501 m)
205. Toulouse (TLS),11482 (3501 m)
206. Dakar (DKR),11450 (3491 m)
207. Prince George (YXS),11450 (3491 m)
208. Bangor (BGR),11440 (3488 m)
209. Porto (OPO),11417 (3481 m)
210. Paramaribo (PBM),11417 (3481 m)
211. Osaka (KIX),11400 (3476 m)
212. Goa (GOI),11345 (3459 m)
213. Magadan (GDX),11326 (3453 m)
214. Mumbai (BOM),11302 (3446 m)
215. Perth (PER),11299 (3445 m)
216. Helsinki (HEL),11286 (3441 m)
217. Norilsk (NSK),11254 (3431 m)
218. Macau (MFM),11221 (3421 m)
219. Papeete (PPT),11220 (3421 m)
220. Indianapolis (IND),11200 (3415 m)
221. Manila (MNL),11188 (3411 m)
222. Curacao (CUR),11188 (3411 m)
223. Fuerteventura (FUE),11175 (3407 m)
224. Accra (ACC),11165 (3404 m)
225. Aswan (ASW),11161 (3403 m)
226. Antalya (AYT),11155 (3401 m)
227. Karachi (KHI),11155 (3401 m)
228. Saint Petersburg (LED),11155 (3401 m)
229. Belgrade (BEG),11155 (3401 m)
230. Yakutsk (YKS),11155 (3401 m)
231. Kunming (KMG),11155 (3401 m)
232. Xiamen (XMN),11155 (3401 m)
233. Petropavlovsk (PKC),11155 (3401 m)
234. Nanchang (KHN),11155 (3401 m)
235. Zhengzhou (CGO),11155 (3401 m)
236. Yaounde (NSI),11155 (3401 m)
237. Wuhan (WUH),11155 (3401 m)
238. Qingdao (TAO),11155 (3401 m)
239. Trivandrum (TRV),11148 (3399 m)
240. Cuzco (CUZ),11146 (3398 m)
241. Bodo (BOO),11136 (3395 m)
242. Tenerife (TFN),11135 (3395 m)
243. Toronto (YYZ),11121 (3391 m)
244. Memphis (MEM),11120 (3390 m)
245. Plaisance (MRU),11056 (3371 m)
246. Goose Bay (YYR),11051 (3369 m)
247. Nashville (BNA),11030 (3363 m)
248. Lahore (LHE),11024 (3361 m)
249. Freeport (FPO),11020 (3360 m)
250. St Louis (STL),11019 (3359 m)
251. Nassau (NAS),11017 (3359 m)
252. Portland (PDX),11011 (3357 m)
253. Minneapolis (MSP),11006 (3355 m)
254. Bridgetown (BGI),11004 (3355 m)
255. Tampa (TPA),11002 (3354 m)
256. Reno (RNO),11002 (3354 m)
257. Santo Domingo (SDQ),11002 (3354 m)
258. Barcelona (BCN),11001 (3354 m)
259. Montreal (YUL),11000 (3354 m)
260. Winnipeg (YWG),11000 (3354 m)
261. Edmonton (YEG),11000 (3354 m)
262. Monrovia (ROB),11000 (3354 m)
263. Asuncion (ASU),11000 (3354 m)
264. Spokane (GEG),11000 (3354 m)
265. Newark (EWR),11000 (3354 m)
266. Patras (GPA),10997 (3353 m)
267. Penang (PEN),10997 (3353 m)
268. Tucson (TUS),10996 (3352 m)
269. Colombo (CMB),10991 (3351 m)
270. Tabuk (TUU),10991 (3351 m)
271. Mombasa (MBA),10990 (3351 m)
272. Lulea (LLA),10990 (3351 m)
273. Chania (CHQ),10982 (3348 m)
274. Stuttgart (STR),10974 (3346 m)
275. Salalah (SLL),10958 (3341 m)
276. Palermo (PMO),10912 (3327 m)
277. Darwin (DRW),10906 (3325 m)
278. Anchorage (ANC),10897 (3322 m)
279. Mataveri (IPC),10885 (3319 m)
280. London (LGW),10879 (3317 m)
281. Recife (REC),10875 (3316 m)
282. Terceira (TER),10873 (3315 m)
283. Bakersfield (BFL),10855 (3309 m)
284. Louisville (SDF),10850 (3308 m)
285. Rhodes (RHO),10844 (3306 m)
286. Acapulco (ACA),10832 (3302 m)
287. Kano (KAN),10831 (3302 m)
288. Stockholm (ARN),10827 (3301 m)
289. Brasilia (BSB),10827 (3301 m)
290. Buenos Aires (EZE),10827 (3301 m)
291. Ljubljana (LJU),10827 (3301 m)
292. Dubrovnik (DBV),10827 (3301 m)
293. Turin (TRN),10827 (3301 m)
294. Venice (VCE),10827 (3301 m)
295. Mwanza (MWZ),10827 (3301 m)
296. Enfidha (NBE),10827 (3301 m)
297. Dalian (DLC),10827 (3301 m)
298. Cebu (CEB),10826 (3301 m)
299. Nakhichevan (NAJ),10826 (3301 m)
300. Conakry (CKY),10826 (3301 m)
301. Gothenburg (GOT),10823 (3300 m)
302. Dusseldorf (DUS),10809 (3295 m)
303. Kansas City (MCI),10801 (3293 m)
304. Auckland (AKL),10800 (3293 m)
305. Medina (MED),10800 (3293 m)
306. Port Blair (IXZ),10795 (3291 m)
307. Christchurch (CHC),10785 (3288 m)
308. Islamabad (ISB),10785 (3288 m)
309. Amman (ADJ),10745 (3276 m)
310. Nadi (NAN),10739 (3274 m)
311. Canberra (CBR),10738 (3274 m)
312. Palma Mallorca (PMI),10728 (3271 m)
313. Milwaukee (MKE),10690 (3259 m)
314. Zagreb (ZAG),10669 (3253 m)
315. Sanaa (SAH),10669 (3253 m)
316. Kaunas (KUN),10663 (3251 m)
317. Izmir (ADB),10630 (3241 m)
318. Holguin (HOG),10623 (3239 m)
319. General Santos (GES),10567 (3222 m)
320. Gyoumri (LWN),10564 (3221 m)
321. Valencia (VLC),10548 (3216 m)
322. Billings (BIL),10518 (3207 m)
323. Perm (PEE),10518 (3207 m)
324. Cape Town (CPT),10512 (3205 m)
325. Baltimore (BWI),10502 (3202 m)
326. Dhaka (DAC),10500 (3201 m)
327. Philadelphia (PHL),10500 (3201 m)
328. Kandahar (KDH),10500 (3201 m)
329. Riga (RIX),10500 (3201 m)
330. Montevideo (MVD),10500 (3201 m)
331. Malaga (AGP),10500 (3201 m)
332. Chittagong (CGP),10500 (3201 m)
333. Bourgas (BOJ),10500 (3201 m)
334. Harbin (HRB),10500 (3201 m)
335. Port of Spain (POS),10500 (3201 m)
336. Visakhapatnam (VTZ),10500 (3201 m)
337. Sylhet (ZYL),10500 (3201 m)
338. Tunis (TUN),10499 (3201 m)
339. Tenerife (TFS),10499 (3201 m)
340. Nanning (NNG),10499 (3201 m)
341. Agadir (AGA),10499 (3201 m)
342. Male (MLE),10499 (3201 m)
343. St Denis (RUN),10499 (3201 m)
344. Baku (GYD),10499 (3201 m)
345. Hotan (HTN),10499 (3201 m)
346. San Salvador (SAL),10499 (3201 m)
347. Cayenne (CAY),10499 (3201 m)
348. Bissau (OXB),10499 (3201 m)
349. Busan (PUS),10499 (3201 m)
350. Santiago De Compostela (SCQ),10499 (3201 m)
351. Nizhnevartovsk (NJC),10499 (3201 m)
352. Changsha (CSX),10499 (3201 m)
353. Guiyang (KWE),10499 (3201 m)
354. Cordoba (COR),10498 (3201 m)
355. Maseru (MSU),10498 (3201 m)
356. Freetown (FNA),10498 (3201 m)
357. Katowice (KTW),10498 (3201 m)
358. Cairns (CNS),10486 (3197 m)
359. Bratislava (BTS),10466 (3191 m)
360. Khudzhand (LBD),10450 (3186 m)
361. Irkutsk (IKT),10384 (3166 m)
362. Kaohsiung (KHH),10335 (3151 m)
363. Djibouti (JIB),10335 (3151 m)
364. Wichita (ICT),10301 (3141 m)
365. Quito (UIO),10236 (3121 m)
366. Shannon (SNN),10233 (3120 m)
367. Gander (YQX),10200 (3110 m)
368. Melbourne (MLB),10181 (3104 m)
369. Billund (BLL),10172 (3101 m)
370. Adelaide (ADL),10171 (3101 m)
371. Antananarivo (TNR),10171 (3101 m)
372. Chiang Mai (CNX),10171 (3101 m)
373. Bordeaux (BOD),10171 (3101 m)
374. Brest (BES),10171 (3101 m)
375. Aden (ADE),10171 (3101 m)
376. Punta Cana (PUJ),10171 (3101 m)
377. Ulaanbaatar (ULN),10170 (3101 m)
378. Marrakech (RAK),10170 (3101 m)
379. Dushanbe (DYU),10170 (3101 m)
380. Samarkand (SKD),10170 (3101 m)
381. Duluth (DLH),10162 (3098 m)
382. Columbus (CMH),10125 (3087 m)
383. Sharm el Sheikh (SSH),10108 (3082 m)
384. Puerto Plata (POP),10108 (3082 m)
385. New Orleans (MSY),10104 (3080 m)
386. Boston (BOS),10081 (3073 m)
387. Tallinn (TLL),10070 (3070 m)
388. Verona (VRN),10064 (3068 m)
389. Oran (ORN),10039 (3061 m)
390. Georgetown (ASI),10019 (3055 m)
391. Tamuning (GUM),10015 (3053 m)
392. Qui Nhon (UIH),10010 (3052 m)
393. Manchester (MAN),10007 (3051 m)
394. Kathmandu (KTM),10007 (3051 m)
395. Tarija (TJA),10007 (3051 m)
396. Hat Yai (HDY),10007 (3051 m)
397. Nejran (EAM),10007 (3051 m)
398. Gurayat (URY),10007 (3051 m)
399. Hamilton (YHM),10006 (3051 m)
400. Masirah (MSH),10005 (3050 m)
401. Reykjavik (KEF),10005 (3050 m)
402. Saint Croix (STX),10004 (3050 m)
403. Rockford (RFD),10004 (3050 m)
404. Charlotte (CLT),10000 (3049 m)
405. Tulsa (TUL),10000 (3049 m)
406. Ottawa (YOW),10000 (3049 m)
407. Boise (BOI),10000 (3049 m)
408. Jacksonville (JAX),10000 (3049 m)
409. Pago Pago (PPG),10000 (3049 m)
410. Oakland (OAK),10000 (3049 m)
411. Comox (YQQ),10000 (3049 m)
412. Grand Rapids (GRR),10000 (3049 m)
413. Atlantic City (ACY),10000 (3049 m)
414. Belleville (BLV),10000 (3049 m)
415. Raleigh (RDU),10000 (3049 m)
416. London (STN),10000 (3049 m)
417. Long Beach (LGB),10000 (3049 m)
418. Port Au Prince (PAP),9974 (3041 m)
419. Cleveland (CLE),9955 (3035 m)
420. Ushuaia (USH),9941 (3031 m)
421. Ouagadougou (OUA),9934 (3029 m)
422. Yekaterinburg (SVX),9925 (3026 m)
423. Berlin (TXL),9918 (3024 m)
424. Mogadishu (MGQ),9900 (3018 m)
425. San Jose (SJO),9882 (3013 m)
426. Nouakchott (NKC),9876 (3011 m)
427. Gabes (GAE),9869 (3009 m)
428. Sevastopol (UKS),9865 (3008 m)
429. Salvador (SSA),9859 (3006 m)
430. Medan (MES),9850 (3003 m)
431. Dawadmi (DWD),9850 (3003 m)
432. Ubon Ratchathni (UBP),9848 (3002 m)
433. Lome (LFW),9847 (3002 m)
434. Samara (KUF),9846 (3002 m)
435. Port Harcourt (PHC),9846 (3002 m)
436. Maiduguri (MIU),9846 (3002 m)
437. Wake Island (AWK),9844 (3001 m)
438. Sokoto (SKO),9844 (3001 m)
439. Khartoum (KRT),9843 (3001 m)
440. Tbilisi (TBS),9843 (3001 m)
441. Okinawa (OKA),9843 (3001 m)
442. Francistown (FRW),9843 (3001 m)
443. Monterrey (MTY),9843 (3001 m)
444. Annaba (AAE),9843 (3001 m)
445. Atar (ATR),9843 (3001 m)
446. Maracaibo (MAR),9843 (3001 m)
447. Niamey (NIM),9843 (3001 m)
448. Vientiane (VTE),9843 (3001 m)
449. Sapporo (CTS),9843 (3001 m)
450. Agades (AJY),9843 (3001 m)
451. Illizi (VVZ),9843 (3001 m)
452. Ouargla (OGX),9843 (3001 m)
453. Camaguey (CMW),9843 (3001 m)
454. Flores (FRS),9843 (3001 m)
455. Fort De France (FDF),9843 (3001 m)
456. Oujuda (OUD),9843 (3001 m)
457. Kagoshima (KOJ),9843 (3001 m)
458. Sendai (SDJ),9843 (3001 m)
459. Jeju (CJU),9843 (3001 m)
460. Hiroshima (HIJ),9843 (3001 m)
461. Yaroslavl (IAR),9843 (3001 m)
462. Valladolid (VLL),9843 (3001 m)
463. Deir Ezzor (DEZ),9843 (3001 m)
464. Tripoli (KYE),9843 (3001 m)
465. Surabaya (SUB),9843 (3001 m)
466. Turaif (TUI),9843 (3001 m)
467. Enugu (ENU),9843 (3001 m)
468. Tokyo (HND),9843 (3001 m)
469. Istanbul (IST),9842 (3001 m)
470. Phnom Penh (PNH),9842 (3001 m)
471. Rovaniemi (RVN),9842 (3001 m)
472. Bali (DPS),9842 (3001 m)
473. Cali (CLO),9842 (3001 m)
474. Palembang (PLM),9842 (3001 m)
475. Dalaman (DLM),9842 (3001 m)
476. Davao (DVO),9842 (3001 m)
477. Asmara (ASM),9842 (3001 m)
478. Valencia (VLN),9842 (3001 m)
479. Dar Es Salaam (DAR),9842 (3001 m)
480. Abidjan (ABJ),9842 (3001 m)
481. Eindhoven (EIN),9842 (3001 m)
482. Nukus (NCU),9842 (3001 m)
483. Luxor (LXR),9842 (3001 m)
484. Alicante (ALC),9842 (3001 m)
485. Ouarzazate (OZZ),9842 (3001 m)
486. Nagasaki (NGS),9840 (3000 m)
487. Salta (SLA),9836 (2999 m)
488. Larnaca (LCA),9823 (2995 m)
489. Bergen (BGO),9810 (2991 m)
490. Oklahoma City (OKC),9802 (2988 m)
491. Hilo (ITO),9800 (2988 m)
492. Mahe Island (SEZ),9800 (2988 m)
493. Prestwick (PIK),9800 (2988 m)
494. Guatemala City (GUA),9793 (2986 m)
495. San Juan (SJU),9783 (2983 m)
496. El Fasher (ELF),9744 (2971 m)
497. Nice (NCE),9711 (2961 m)
498. Monastir (MIR),9678 (2951 m)
499. Pula (PUY),9678 (2951 m)
500. Hamilton (BDA),9669 (2948 m)
501. Malabo (SSG),9647 (2941 m)
502. Sanford (SFB),9600 (2927 m)
503. Abbotsford (YXX),9597 (2926 m)
504. Genoa (GOA),9564 (2916 m)
505. Aleppo (ALP),9547 (2911 m)
506. Nantes (NTE),9514 (2901 m)
507. Moroni (HAH),9514 (2901 m)
508. Windsor Locks (BDL),9510 (2899 m)
509. Omaha (OMA),9502 (2897 m)
510. Missoula (MSO),9501 (2897 m)
511. Midland (MAF),9501 (2897 m)
512. Whitehorse (YXY),9500 (2896 m)
513. Ketchikan (KTN),9500 (2896 m)
514. East Midlands (EMA),9491 (2894 m)
515. Doncaster (DSA),9491 (2894 m)
516. Sochi (AER),9482 (2891 m)
517. Palmyra (PMS),9449 (2881 m)
518. Omsk (OMS),9435 (2877 m)
519. San Diego (SAN),9401 (2866 m)
520. Manta (MEC),9383 (2861 m)
521. Douala (DLA),9359 (2853 m)
522. Badajoz (BJZ),9357 (2853 m)
523. Savannah (SAV),9351 (2851 m)
524. Dresden (DRS),9351 (2851 m)
525. Gwangju (KWJ),9300 (2835 m)
526. Comodoro Rivadavia (CRD),9275 (2828 m)
527. Cheyenne (CYS),9270 (2826 m)
528. Manchester (MHT),9250 (2820 m)
529. Fresno (FAT),9227 (2813 m)
530. Kangerlussuaq (SFJ),9219 (2811 m)
531. Torp (TRF),9216 (2810 m)
532. Nizhniy Novgorod (GOJ),9203 (2806 m)
533. Cagliari (CAG),9202 (2805 m)
534. Churchill (YYQ),9200 (2805 m)
535. Chita (HTA),9187 (2801 m)
536. N Djamena (NDJ),9186 (2801 m)
537. Maun (MUB),9186 (2801 m)
538. Ibiza (IBZ),9186 (2801 m)
539. Belem (BEL),9186 (2801 m)
540. Bologna (BLQ),9186 (2801 m)
541. Gdansk (GDN),9186 (2801 m)
542. Faya (FYT),9186 (2801 m)
543. Odessa (ODS),9186 (2801 m)
544. Pucallpa (PCL),9186 (2801 m)
545. Latakia (LTK),9175 (2797 m)
546. Punta Arenas (PUQ),9154 (2791 m)
547. Guayaquil (GYE),9154 (2791 m)
548. Mendoza (MDZ),9151 (2790 m)
549. Funchal (FNC),9124 (2782 m)
550. Laoag (LAO),9121 (2781 m)
551. Belfast (BFS),9121 (2781 m)
552. Trondheim (TRD),9052 (2760 m)
553. Rochester (RST),9033 (2754 m)
554. Tirana (TIA),9022 (2751 m)
555. Port Moresby (POM),9022 (2751 m)
556. Torreon (TRC),9022 (2751 m)
557. Hualien (HUN),9022 (2751 m)
558. Salzburg (SZG),9022 (2751 m)
559. Everett (PAE),9010 (2747 m)
560. Madison (MSN),9006 (2746 m)
561. Knoxville (TYS),9005 (2745 m)
562. Richmond (RIC),9003 (2745 m)
563. Antigua (ANU),9003 (2745 m)
564. St. Georges (GND),9003 (2745 m)
565. Des Moines (DSM),9003 (2745 m)
566. Syracuse (SYR),9003 (2745 m)
567. Tindal (KTR),9002 (2745 m)
568. Gulfport (GPT),9002 (2745 m)
569. Charleston (CHS),9001 (2744 m)
570. Quebec (YQB),9000 (2744 m)
571. Jaisalmer (JSA),9000 (2744 m)
572. Fargo (FAR),9000 (2744 m)
573. Fort Lauderdale (FLL),9000 (2744 m)
574. Peshawar (PEW),9000 (2744 m)
575. Aruba (AUA),8999 (2744 m)
576. Sioux Falls (FSD),8999 (2744 m)
577. Grand Canyon (GCN),8999 (2744 m)
578. Nagoya (NKM),8990 (2741 m)
579. Orland (OLA),8904 (2715 m)
580. Kelowna (YLW),8900 (2713 m)
581. Kzyl-Orda (KZO),8875 (2706 m)
582. Laayoune (EUN),8861 (2702 m)
583. Manaus (MAO),8858 (2701 m)
584. Bamako (BKO),8858 (2701 m)
585. Boa Vista (BVB),8858 (2701 m)
586. Nuremberg (NUE),8858 (2701 m)
587. Tampere (TMP),8858 (2701 m)
588. Paphos (PFO),8855 (2700 m)
589. Ulaangom (ULO),8848 (2698 m)
590. Buffalo (BUF),8827 (2691 m)
591. Halifax (YHZ),8800 (2683 m)
592. Medford (MFR),8800 (2683 m)
593. Fayetteville (XNA),8800 (2683 m)
594. London (YXU),8800 (2683 m)
595. Nukualofa (TBU),8795 (2681 m)
596. Bismarck (BIS),8794 (2681 m)
597. Heraklion (HER),8793 (2681 m)
598. Kingston (KIN),8786 (2679 m)
599. Glasgow (GLA),8743 (2666 m)
600. Aalborg (AAL),8707 (2655 m)
601. Montego Bay (MBJ),8704 (2654 m)
602. Rapid City (RAP),8701 (2653 m)
603. Green Bay (GRB),8701 (2653 m)
604. Saipan (SPN),8700 (2652 m)
605. Mosul (OSM),8695 (2651 m)
606. Puerto Montt (PMC),8694 (2651 m)
607. Manado (MDC),8694 (2651 m)
608. Brno (BRQ),8694 (2651 m)
609. El Calafate (E),8688 (2649 m)
610. Trabzon (TZX),8661 (2641 m)
611. Dublin (DUB),8652 (2638 m)
612. Naples (NAP),8622 (2629 m)
613. Iqaluit (YFB),8605 (2623 m)
614. Sacramento (SMF),8601 (2622 m)
615. Brest (BQT),8596 (2621 m)
616. Bahia Blanca (BHI),8579 (2616 m)
617. Osh (OSS),8576 (2615 m)
618. Zamboanga (ZAM),8564 (2611 m)
619. Vitebsk (VTB),8550 (2607 m)
620. Campo Grande (CGR),8530 (2601 m)
621. Bangui (BGF),8530 (2601 m)
622. Natal (NAT),8530 (2601 m)
623. Sarajevo (SJJ),8530 (2601 m)
624. Cartagena (CTG),8530 (2601 m)
625. Chihuahua (CUU),8530 (2601 m)
626. Port Vila (VLI),8530 (2601 m)
627. Pointe Noire (PNR),8530 (2601 m)
628. Batumi (BUS),8530 (2601 m)
629. Mbabane (MTS),8530 (2601 m)
630. Hailar (HLD),8530 (2601 m)
631. Bilbao (BIO),8530 (2601 m)
632. Birmingham (BHX),8527 (2600 m)
633. Esbjerg (EBJ),8527 (2600 m)
634. Antofagasta (ANF),8527 (2600 m)
635. Lansing (LAN),8506 (2593 m)
636. St Johns (YYT),8502 (2592 m)
637. San Antonio (SAT),8502 (2592 m)
638. Albany (ALB),8500 (2591 m)
639. Jackson (JAN),8500 (2591 m)
640. Mount Pleasant (MPN),8497 (2591 m)
641. Bulawayo (BUQ),8491 (2589 m)
642. Alexandroupolis (AXD),8471 (2583 m)
643. Juneau (JNU),8457 (2578 m)
644. Herat (HEA),8435 (2572 m)
645. Neuquen (NQN),8431 (2570 m)
646. Rockhampton (ROK),8425 (2569 m)
647. South Bend (SBN),8414 (2565 m)
648. Waterloo (ALO),8400 (2561 m)
649. Trelew (REL),8399 (2561 m)
650. Mt Isa (ISA),8399 (2561 m)
651. Bloemfontein (BFN),8395 (2559 m)
652. Edinburgh (EDI),8386 (2557 m)
653. Stavanger (SVG),8386 (2557 m)
654. Krakow (KRK),8366 (2551 m)
655. Menorca (MAH),8366 (2551 m)
656. Split (SPU),8366 (2551 m)
657. Ohrid (OHD),8366 (2551 m)
658. Tampico (TAM),8366 (2551 m)
659. Shreveport (SHV),8351 (2546 m)
660. Pune (PNQ),8329 (2539 m)
661. Burlington (BTV),8320 (2537 m)
662. Saskatoon (YXE),8300 (2530 m)
663. Little Rock (LIT),8273 (2522 m)
664. Chiclayo (CIX),8266 (2520 m)
665. Broken Hill (BHQ),8251 (2516 m)
666. Vilnius (VNO),8250 (2515 m)
667. Ust-kamenogorsk (UKK),8235 (2511 m)
668. Medellin (EOH),8234 (2510 m)
669. Vano-Frankovsk (IFO),8226 (2508 m)
670. Pristina (PRN),8210 (2503 m)
671. Usinsk (USK),8209 (2503 m)
672. Oulu (OUL),8205 (2502 m)
673. Akron-Canton (CAK),8204 (2501 m)
674. Riverton (RIW),8203 (2501 m)
675. Bafoussam (BFX),8203 (2501 m)
676. Iloilo (ILO),8203 (2501 m)
677. Port Hedland (PHE),8202 (2501 m)
678. Iquitos (IQT),8202 (2501 m)
679. Tacna (TCQ),8202 (2501 m)
680. Lodz (LCJ),8202 (2501 m)
681. Volgograd (VOG),8202 (2501 m)
682. La Paz (LAP),8202 (2501 m)
683. Arkhangelsk (ARH),8202 (2501 m)
684. Isiro (IRP),8202 (2501 m)
685. Heihe (HEK),8202 (2501 m)
686. Murmansk (MMK),8202 (2501 m)
687. Cabinda (CAB),8202 (2501 m)
688. Banja Luka (BNX),8202 (2501 m)
689. Rijeka (RJK),8202 (2501 m)
690. Ambon (AMQ),8202 (2501 m)
691. Akita (AXT),8202 (2501 m)
692. Gao (GAQ),8202 (2501 m)
693. Campeche (CPE),8202 (2501 m)
694. Podgorica (TGD),8202 (2501 m)
695. Wroclaw (WRO),8202 (2501 m)
696. Kursk (URS),8202 (2501 m)
697. Ostersund (OSD),8202 (2501 m)
698. Turkmenbashi (KRW),8202 (2501 m)
699. Parnaiba (PHB),8202 (2501 m)
700. Niigata (KIJ),8202 (2501 m)
701. Nacala (MNC),8202 (2501 m)
702. Kaliningrad (KGD),8202 (2501 m)
703. Tomsk (TOF),8202 (2501 m)
704. Groznyy (GRV),8202 (2501 m)
705. Maastricht (MST),8202 (2501 m)
706. Zadar (ZAD),8202 (2501 m)
707. Osijek (OSI),8202 (2501 m)
708. Phuket (HKT),8201 (2500 m)
709. Jaffna (JAF),8200 (2500 m)
710. Santiago Del Estero (SDE),8197 (2499 m)
711. Faro (FAO),8169 (2491 m)
712. Dakhla (DAK),8166 (2490 m)
713. Longyearbyen (LYR),8146 (2484 m)
714. Puerto Cabezas (PUZ),8130 (2479 m)
715. Yangon (RGN),8100 (2470 m)
716. Zanzibar (ZNZ),8077 (2463 m)
717. Broome (BME),8064 (2459 m)
718. Cagayan De Oro (CGY),8050 (2454 m)
719. Mangalore (IXE),8038 (2451 m)
720. Skopje (SKP),8038 (2451 m)
721. Oaxaca (OAX),8038 (2451 m)
722. Tromso (TOS),8028 (2448 m)
723. Wilmington (ILM),8016 (2444 m)
724. Managua (MGA),8015 (2444 m)
725. Bardufoss (BDU),8015 (2444 m)
726. Boa Vista (BVC),8014 (2443 m)
727. Thessaloniki (SKG),8005 (2441 m)
728. Bari (BRI),8005 (2441 m)
729. Farnborough (FAB),8005 (2441 m)
730. Weeze (NRN),8005 (2441 m)
731. Fredericton (YFC),8005 (2441 m)
732. Saginaw (MBS),8002 (2440 m)
733. Rochester (ROC),8001 (2439 m)
734. Fletcher (AVL),8001 (2439 m)
735. Springfield (SPI),8001 (2439 m)
736. Tallahassee (TLH),8000 (2439 m)
737. Hargesia (HGA),8000 (2439 m)
738. Jessore (JSR),8000 (2439 m)
739. Moncton (YQM),8000 (2439 m)
740. Cranbrook (YXC),8000 (2439 m)
741. Santa Maria (SMX),8000 (2439 m)
742. Townsville (TSV),7999 (2439 m)
743. San Salvador (ZSA),7999 (2439 m)
744. Tamale (TML),7999 (2439 m)
745. Newcastle (NTL),7999 (2439 m)
746. Alice Springs (ASP),7998 (2438 m)
747. Nouadhibou (NDB),7956 (2426 m)
748. Porto Velho (PVH),7925 (2416 m)
749. Regina (YQR),7901 (2409 m)
750. Ajaccio (AJA),7897 (2408 m)
751. Baltra (GPS),7876 (2401 m)
752. Luena (LUO),7875 (2401 m)
753. Veracruz (VER),7874 (2401 m)
754. Juba (JUB),7874 (2401 m)
755. Akureyri (AEY),7874 (2401 m)
756. Beira (BEW),7874 (2401 m)
757. Baoshan (BSD),7874 (2401 m)
758. Ioannina (IOA),7874 (2401 m)
759. Lanzarote (ACE),7874 (2401 m)
760. Vinh City (VII),7874 (2401 m)
761. Esquel (EQS),7869 (2399 m)
762. Cardiff (CWL),7848 (2393 m)
763. San Andres Island (ADZ),7808 (2380 m)
764. Kerkyra (CFU),7792 (2376 m)
765. Pori (POR),7713 (2352 m)
766. Cucuta (CUC),7700 (2348 m)
767. Knock (NOC),7700 (2348 m)
768. Minot (MOT),7700 (2348 m)
769. Gold Coast (OOL),7683 (2342 m)
770. Silac (SLD),7678 (2341 m)
771. Lafayette (L),7651 (2333 m)
772. Wausaw (CWA),7648 (2332 m)
773. Newcastle (NCL),7641 (2330 m)
774. Rarotonga (RAR),7638 (2329 m)
775. Murcia (MJV),7612 (2321 m)
776. Santander (SDR),7612 (2321 m)
777. Yakima (YKM),7604 (2318 m)
778. Houston (HOU),7602 (2318 m)
779. Allentown (ABE),7600 (2317 m)
780. Stornoway (SYY),7595 (2316 m)
781. Cuiaba (CGB),7546 (2301 m)
782. St. Maarten (SXM),7546 (2301 m)
783. Tongliao (TGO),7546 (2301 m)
784. Le Havre (LEH),7546 (2301 m)
785. Santa Rosa (RSA),7545 (2300 m)
786. Dalanzadgad (DLZ),7545 (2300 m)
787. Eirunepe (ERN),7545 (2300 m)
788. Bost (BST),7544 (2300 m)
789. Corpus Christi (CRP),7508 (2289 m)
790. Yellowknife (YZF),7503 (2288 m)
791. Fort McMurray (YMM),7503 (2288 m)
792. Wilkes-Barre (AVP),7501 (2287 m)
793. Raipur (RPR),7500 (2287 m)
794. Gode (GDE),7500 (2287 m)
795. Baton Rouge (BTR),7500 (2287 m)
796. Liverpool (LPL),7497 (2286 m)
797. Porto Alegre (POA),7480 (2280 m)
798. Legazpi (LGP),7480 (2280 m)
799. Palanga (PLQ),7478 (2280 m)
800. Georgetown (GEO),7448 (2271 m)
801. Presque Isle (PQI),7439 (2268 m)
802. Alta (ALF),7392 (2254 m)
803. Hobart (HBA),7390 (2253 m)
804. Leeds (LBA),7382 (2251 m)
805. Palu (PLW),7382 (2251 m)
806. Bata (BSG),7369 (2247 m)
807. Thunder Bay (YQT),7318 (2231 m)
808. Zakinthos (ZTH),7310 (2229 m)
809. Sao Tome (TMS),7283 (2220 m)
810. Curitiba (CWB),7267 (2216 m)
811. Invercargill (IVC),7251 (2211 m)
812. Alexandria (ALY),7221 (2202 m)
813. Kananga (KGA),7218 (2201 m)
814. Honiara (HIR),7218 (2201 m)
815. Rotterdam (RTM),7218 (2201 m)
816. Iguassu (IGU),7218 (2201 m)
817. Nalchik (NAL),7218 (2201 m)
818. Elko (EKO),7214 (2199 m)
819. Cortez (CEZ),7205 (2197 m)
820. Koror (ROR),7200 (2195 m)
821. Portland (PWM),7200 (2195 m)
822. Wilmington (ILG),7181 (2189 m)
823. Providence (PVD),7166 (2185 m)
824. Meekatharra (MKR),7156 (2182 m)
825. Apartado (APO),7153 (2181 m)
826. Branson (BKG),7140 (2177 m)
827. Wau (WUU),7137 (2176 m)
828. Mc Allen (MFE),7120 (2171 m)
829. Belize City (BZE),7100 (2165 m)
830. London (LTN),7087 (2161 m)
831. Rio Branco (RBR),7080 (2159 m)
832. Nauru (INU),7054 (2151 m)
833. Tahoua (THZ),7053 (2150 m)
834. Tacloban (TAC),7014 (2138 m)
835. George Town (GCM),7008 (2137 m)
836. Islip (ISP),7006 (2136 m)
837. Pensacola (PNS),7004 (2135 m)
838. New York (LGA),7003 (2135 m)
839. Kitchener (YKF),7002 (2135 m)
840. Bedford (BED),7001 (2134 m)
841. Charlottetown (YYG),7000 (2134 m)
842. Victoria (YYJ),6998 (2134 m)
843. Cork (ORK),6998 (2134 m)
844. Maui (OGG),6995 (2133 m)
845. Phu Quoc (PQC),6980 (2128 m)
846. Cooma (OOM),6955 (2120 m)
847. Haugesund (HAU),6955 (2120 m)
848. Kirkenes (KKN),6939 (2116 m)
849. Timbuktu (TOM),6923 (2111 m)
850. Chacarita (JAP),6923 (2111 m)
851. Christmas Island (XCH),6900 (2104 m)
852. Cassidy (CXI),6900 (2104 m)
853. Dipolog (DPL),6890 (2101 m)
854. Rangiroa (RGI),6890 (2101 m)
855. Macapa (MCP),6890 (2101 m)
856. Samos (SMI),6890 (2101 m)
857. David (DAV),6890 (2101 m)
858. Burbank (BUR),6886 (2099 m)
859. Praia (RAI),6876 (2096 m)
860. Washington (DCA),6869 (2094 m)
861. Roatan (RTB),6857 (2091 m)
862. Charleston (CRW),6802 (2074 m)
863. Hamilton (HLZ),6755 (2059 m)
864. Dodoma (DOD),6742 (2055 m)
865. Ciudad Guayana (CGU),6726 (2051 m)
866. Bellingham (BLI),6701 (2043 m)
867. Bhopal (BHO),6700 (2043 m)
868. Kwajalein (KWA),6668 (2033 m)
869. Tegucigalpa (TGU),6631 (2022 m)
870. Bluefields (BEF),6624 (2020 m)
871. Nanaimo (YCD),6602 (2013 m)
872. Sudbury (YSB),6600 (2012 m)
873. Bristol (BRS),6598 (2012 m)
874. Coventry (CVT),6586 (2008 m)
875. Liepaja (LPX),6568 (2002 m)
876. Ronne (RNN),6568 (2002 m)
877. Hanoi (HAN),6562 (2001 m)
878. Bacolod (BCD),6562 (2001 m)
879. Kalgoorlie (KGI),6562 (2001 m)
880. Visby (VBY),6562 (2001 m)
881. Wadi Halfa (WHF),6562 (2001 m)
882. Innsbruck (INN),6562 (2001 m)
883. Tambacounda (TUD),6562 (2001 m)
884. Port Sudan (PZU),6562 (2001 m)
885. Izumo (IZO),6562 (2001 m)
886. Hachijo Jima (HAC),6562 (2001 m)
887. Bundaberg (BDB),6562 (2001 m)
888. Tirgu Mures (TGM),6561 (2000 m)
889. Sept Isles (YZV),6552 (1998 m)
890. White Plains (HPN),6548 (1996 m)
891. Chicago (MDW),6522 (1988 m)
892. Barrow (BRW),6500 (1982 m)
893. Prudhoe Bay (SCC),6500 (1982 m)
894. Kumasi (KMS),6499 (1981 m)
895. Geraldton (GET),6499 (1981 m)
896. Mackay (MKY),6499 (1981 m)
897. Port Elizabeth (PLZ),6496 (1980 m)
898. Saint Paul Island (SNP),6496 (1980 m)
899. Tuguegarao (TUG),6455 (1968 m)
900. Londonderry (LDY),6453 (1967 m)
901. Paro (PBH),6445 (1965 m)
902. Tennant Creek (TCA),6427 (1959 m)
903. Norfolk Island (NLK),6398 (1951 m)
904. Aberdeen (ABZ),6394 (1949 m)
905. Grand Turk (GDT),6362 (1940 m)
906. Longreach (LRE),6352 (1937 m)
907. Wellington (WLG),6350 (1936 m)
908. East London (ELS),6348 (1935 m)
909. Dzaoudzi (DZA),6330 (1930 m)
910. Panama City (PFN),6308 (1923 m)
911. Dunedin (DUD),6234 (1901 m)
912. Eilat (ETH),6234 (1901 m)
913. Tessenei (TES),6234 (1901 m)
914. Cuenca (CUE),6234 (1901 m)
915. Saint Lucia (SLU),6227 (1898 m)
916. Vorkuta (VKT),6217 (1895 m)
917. Inverness (INV),6191 (1888 m)
918. Mitu (MVP),6168 (1880 m)
919. Leticia (LET),6168 (1880 m)
920. Blackpool (BLK),6132 (1870 m)
921. Cincinnati (LUK),6101 (1860 m)
922. Carson City (CSN),6100 (1860 m)
923. Dili (DIL),6070 (1851 m)
924. Lampedusa (LMP),6070 (1851 m)
925. Norwich (NWI),6040 (1841 m)
926. Kristiansund (KSU),6037 (1841 m)
927. Devonport (DPO),6030 (1838 m)
928. Isle of Man (IOM),6027 (1838 m)
929. San Jose (SJI),6024 (1837 m)
930. Cayman Brac (CYB),6010 (1832 m)
931. Jackson (MKL),6006 (1831 m)
932. Pohnpei (PNI),6001 (1830 m)
933. Gibraltar (GIB),6000 (1829 m)
934. Yap (YAP),6000 (1829 m)
935. Kununurra (KNX),6000 (1829 m)
936. Hay River (YHY),6000 (1829 m)
937. Baudette (BDE),6000 (1829 m)
938. Prince Rupert (YPR),6000 (1829 m)
939. Sault Ste. Marie (YAM),5991 (1827 m)
940. Zinder (ZND),5988 (1826 m)
941. Tauranga (TRG),5988 (1826 m)
942. Araguaina (AUX),5912 (1802 m)
943. Modesto (MOD),5911 (1802 m)
944. Quelimane (UEL),5906 (1801 m)
945. Bossangoa (BSN),5906 (1801 m)
946. Groningen (GRQ),5906 (1801 m)
947. Suceava (SCV),5906 (1801 m)
948. Bussellton (BQB),5906 (1801 m)
949. Albany (ALH),5905 (1800 m)
950. Canakkale (CKZ),5905 (1800 m)
951. Torshavn (FAE),5902 (1799 m)
952. Tartu (TAY),5902 (1799 m)
953. Queenstown (ZQN),5830 (1777 m)
954. Siwa (SEW),5820 (1774 m)
955. Oxford (OXC),5800 (1768 m)
956. Bossaso (BSA),5794 (1766 m)
957. Rotorua (ROT),5781 (1763 m)
958. Kosrae (KSA),5751 (1753 m)
959. Hastings (NPE),5741 (1750 m)
960. Moanda (MGX),5741 (1750 m)
961. Vitoria (VIX),5741 (1750 m)
962. Ceduna (CED),5709 (1741 m)
963. Santa Ana (SNA),5701 (1738 m)
964. Derby (DRB),5695 (1736 m)
965. Bern (BRN),5676 (1730 m)
966. Roros (RRS),5643 (1720 m)
967. Dubbo (DBO),5604 (1709 m)
968. Jersey (JER),5597 (1706 m)
969. Griffith (GFF),5590 (1704 m)
970. Temuco (ZCO),5577 (1700 m)
971. Whyalla (WYA),5531 (1686 m)
972. Baguio (BAG),5512 (1680 m)
973. Carnarvon (CVQ),5509 (1680 m)
974. Balikesir (MQJ),5504 (1678 m)
975. Sacramento (SAC),5503 (1678 m)
976. Olympia (OLM),5501 (1677 m)
977. Normanton (NTN),5499 (1677 m)
978. Anguilla (AXA),5463 (1666 m)
979. Port Augusta (PUG),5413 (1650 m)
980. Gilgit (GIL),5400 (1646 m)
981. Newport (ONP),5398 (1646 m)
982. Renton (RNT),5382 (1641 m)
983. Guarapuava (GPB),5315 (1620 m)
984. Barreiras (BRA),5300 (1616 m)
985. Moree (MRZ),5292 (1613 m)
986. Itaituba (ITB),5266 (1605 m)
987. Sinop (OPS),5249 (1600 m)
988. Hiva Oa (HIX),5249 (1600 m)
989. Port Macquarie (PQQ),5249 (1600 m)
990. Matadi (MAT),5184 (1580 m)
991. Bodrum (BXN),5151 (1570 m)
992. Reykjavik (RKV),5141 (1567 m)
993. Bourges (BOU),5085 (1550 m)
994. Calais (CQF),5036 (1535 m)
995. Matagami (YNM),5001 (1525 m)
996. Augusta (AUG),5001 (1525 m)
997. Funafuti (FUN),5000 (1524 m)
998. Mount Gambier (MGB),5000 (1524 m)
999. Mayaguez (MAZ),4998 (1524 m)
1000. Antwerp (ANR),4954 (1510 m)
1001. Maan (MPQ),4953 (1510 m)
1002. London (LCY),4948 (1509 m)
1003. Bora Bora (BOB),4921 (1500 m)
1004. San Jose Del Gua (SJE),4921 (1500 m)
1005. Ndele (NDL),4921 (1500 m)
1006. Ghanzi (GNZ),4921 (1500 m)
1007. Pecs (QPJ),4921 (1500 m)
1008. Chitre (CTD),4921 (1500 m)
1009. Shetland Islands (LSI),4921 (1500 m)
1010. Esperance (EPR),4921 (1500 m)
1011. Hornafjordur (HFN),4921 (1500 m)
1012. Port Lincoln (PLO),4918 (1499 m)
1013. Quilpie (ULP),4898 (1493 m)
1014. Key West (EYW),4801 (1464 m)
1015. Guernsey (GCI),4800 (1463 m)
1016. Wilhelmshaven (WVN),4787 (1459 m)
1017. Kirkwall (KOI),4685 (1428 m)
1018. Toowoomba (TWB),4597 (1402 m)
1019. Saint Vincent (SVD),4596 (1401 m)
1020. Nabire (NBX),4593 (1400 m)
1021. Munda (MUA),4593 (1400 m)
1022. Flores Island (FLW),4593 (1400 m)
1023. Dundee (DND),4593 (1400 m)
1024. Noumea (GEA),4531 (1381 m)
1025. Wanganui (WAG),4501 (1372 m)
1026. Bathurst (ZBF),4500 (1372 m)
1027. Swansea (SWS),4429 (1350 m)
1028. Nelson (NSN),4419 (1347 m)
1029. Haifa (HFA),4324 (1318 m)
1030. New Plymouth (NPL),4298 (1310 m)
1031. Puerto Aisen (WPA),4265 (1300 m)
1032. Teniente (TNM),4239 (1292 m)
1033. Ambanja (IVA),4140 (1262 m)
1034. Mutare (UTA),4100 (1250 m)
1035. Hokitika (HKK),4045 (1233 m)
1036. Nevis (NEV),3996 (1218 m)
1037. Toronto (YTZ),3988 (1216 m)
1038. Airlie Beach (WCY),3986 (1215 m)
1039. Taytay (RZP),3937 (1200 m)
1040. Save (SVF),3937 (1200 m)
1041. Dwangwa (DWA),3937 (1200 m)
1042. Portoroz (POW),3937 (1200 m)
1043. Tres Arroyos (OYO),3934 (1199 m)
1044. Sligo (SXL),3933 (1199 m)
1045. Dutch Harbor (DUT),3900 (1189 m)
1046. Plymouth (PLH),3806 (1160 m)
1047. Tacurembo (TAW),3806 (1160 m)
1048. Talca (TLX),3660 (1116 m)
1049. Lifou (LIF),3609 (1100 m)
1050. Whangarei (WRE),3599 (1097 m)
1051. Springbok (SBU),3399 (1036 m)
1052. Montserrat (MNI),3340 (1018 m)
1053. Compton (CPM),3322 (1013 m)
1054. Miquelon (MQC),3281 (1000 m)
1055. Cameta (CMT),3281 (1000 m)
1056. Nuuk (GOH),3100 (945 m)
1057. Kerema (KMA),3097 (944 m)
1058. Kilkenny (KKY),3051 (930 m)
1059. Roseau (DCF),2999 (914 m)
1060. Portimao (PRM),2822 (860 m)
1061. Lands End (LEQ),2598 (792 m)
1062. Castlebar (CLB),2400 (732 m)
1063. Valparaiso (VAP),2297 (700 m)
1064. New Nickerie (ICK),2297 (700 m)
1065. Wexford (WEX),2247 (685 m)
1066. Basse Terre (BBR),2034 (620 m)
1067. Aneityum (AUY),2001 (610 m)
1068. Isles Of Scilly (ISC),1969 (600 m)
1069. Yasawa (YAS),1950 (595 m)
1070. Courchevel (CVF),1722 (525 m)
1071. Jabot (JAT),1 (0 m)
1072. Andorra La Vella (ALV),1 (0 m)
1073. Muharraq (GBQ),1 (0 m)
1074. Road Town (RAD),1 (0 m)
1075. Narsaq (JNS),1 (0 m)
1076. Monte Carlo (MCM),1 (0 m)
1077. Mukalla (MKX),1 (0 m)
1078. Chingola (CGJ),1 (0 m)